id;Sentiment;Text Tweet;user
1;Negative;ptm 50% gaenak Ya Allah :(;sambattonly
2;Positife;enakan ptm;formetawinn
3;Positife;Ya Allah ketemu ginian lagi, ya kalo sekolahnya pjj ya udah pjj, kalo sekolahnya ptm yaudah ptm dah. Gw sih tim ptm \n\nKatanya kita harus hidup berdampingan dengan virus, mau ga mau hidup atau ngga ya tetep ae hidup berjalan ngalir';tmnRLgbolehtau
4;Positife;enak msi ptm;parkgaeul_02
5;Positife;semangat ptm nya nia;bluexngrey
6;Positife;ini serius gua pjj lagi? AAA PADAHAL PTM LEBIH ENAKK MATERINYA GAMPANG MASUKKK;anjaimey
7;Positife;b'@ygearlert nooo ptm asik';guitarxs
8;Negative;ptm 100 persen bikin capek;echanufe
9;Positife;b'RT @inahstudy: @schfess lebih suka ptm.. :( kirain bener yg katanya virus itu harus dinormalisasikan... :((( gamau pjj soalnya banyak kecurangan;natabe_loey
10;Positife;duh gaenak bgt pjj udh pw ptm tiap hari;liveurrIife
11;Positife;padahal rutin ptm ngatur anxiety gue banget banget tapi yaudala. stay safe ya semua;januaryblessed
12;Negative;Universitas Brawijaya (UB) Malang berencana mengurangi kuota mahasiswa yang mengikuti pembelajaran tatap muka (PTM) menjadi 25 persen;tempodotco
13;Positife;Padahal pas ptm santay bgt;mtchgrnx
14;Positife;semangat ptm nya chaa;bluexngrey
15;Negative;ptm aja kaga paham apa2, aplgi pjj yg tidur doang;jyancuks
16;Positife;Bnerrr enakan ptm;jnghwnuna_
17;Positife;Sebenarnya mah klo gada kasus meninggal yaa terobos aj sih PTM, org klo di PJJ juga pada keluyuran main sana sini;jnghwnuna_
18;Positife; aku ptm uda dari novemberrr;cloupssy
19;Negative;Sebenernya ptm udah cukup efektif bgttt, gue jga udah nyaman ptm... tapi kalo liat kyk gini mending pjj sihhh, serem;urpussyisgod
20;Negative; Aku suka ptm, tapi kalau situasinya kek gini gapapa deh pjj lagi, yang penting sehat seenggaknya sampe hari utb;urpussyisgod
21;Negative;Menyusul Adanya Lonjakan Kasus Covid-19 di Tanah Air, Sejumlah Sekolah Hentikan Sementara PTM;KompasTV
22;Negative;ptm ak dah diberhentikan;raincbou
23;Negative;PTM dihentikan, seharusnya pemerintah melalui @kemenpendidikan untuk cari teknik pembelajaran terbaik, ini sdh 2 tahun loh... teknik dan waktu pengajaran daring diperbaiki.. sy percaya di kementrian banyak orabg2 smart seperti @nadiemmakarim;purwakarta99
24;Positife;yang setuju PTM 100% tapi pas ulangan di rumah cung;oneechannnn_0
25;Positife;yg PTM cmn 5 org jadinya Privat Tatap Muka  \xf0\x9f\x98\xad semangat gaisss;littleecandyy
26;Negative;sekolah aku maksain banget buat tetep ptm 50% pdhal udah beberapa orang positif, kan bisa yaa 2 minggu dulu full online baru ptm 50% lagi, jujur takut banget mau masuk sekolah hsjsjs sebenarnya tuh lebih takut kalo kena terus nularin ke orang rumah;Chocogyul_
27;Positife;sebenernya kasus kematian udh berkurang drastis meskipun kasus naik yaa karena udh pada vaksin, klo blom yaa resiko..;HollandGurls
28;Positife;di surat edaran sih tgl 7 udh ptm lagii, tapi gatauu :(( ga enak bgt pjj ginii;zzlyxschn
29;Positife;Ada satu sekolah di Bekasi\nPTM ditutup pemerintah\nTapi tetep masuk\nNgga usah pake seragam\n:(\n\nKenapa tetep PTM? Karena mos;no_mi_nom_bre
30;Positife;ptm dong..;onlyyya1
31;Positife;"org"" kok pada demen pjj dah wkwkwkw, iya gue tau emg situasi nya ga memungkinkan bgt buat ptm, tapi ya ka";HollandGurls
32;Positife;enaak ptm plis;guitarxs
33;Positife;waduuh, stay safe ya hanaa!! dont forget your prokess!!! adikku jg skrg 50% ptm selang seling masuknya, misal hari ini masuk bsk libur gituu.  kalo km berarti full online ya???;hourlybeauty
34;Negative;gw ptm huft udh sebulan;suckved
35;Positife;sbnrnya kalo aku kls 11 ato 10 gt milih ptm, kalo kls 12 ga dl deh malah makin byk tugas kelompok+blm lagi ngejar materi utbk.;japchaye
36;Negative;Lebih males ptm;kakuchodet
37;Positife;aku masih ptm nih;cigyukim
38;Negative;Baru ptm sekali udah pjj lagi gara gara kakel kena covid pas imlekan;Sky14896823
39;Positife; enakan ptm tau bisa ketemu temen + DAPET UANG JAJAN;nzzjm0
40;Negative;Jujur aja dari awal udh ada perasaan ptm 100 persen gk bakal lancar dan bener aja;setauni
41;Positife;belum ada info dari sekolah tp udh lama bgt sekolah gue ptm dluan;maslucaswife
42;Negative;sama, lg have fun ptm tbtb pjj lg;vctwoze
43;Positife;ko udaa pada ptm si??? aku yg pjj iri;guitarxs
44;Negative;wkwkwkwkwkwkkwkwk udah duluan ga ptm dari kemaren wkwkwkkw;kmciaa
45;Positife;tp lebih suka ptm sih;orenjiil
46;Negative;Selama status PPKM level 1-2 wajib PTM. Kalau misal dinaikan PPKM L. 3-4..apa mau ? Kalau buat saya PPKM L.3 - 4 itu HORROR..belum setahun masa sudah pada lupa ?;HendroWibowoYZA
47;Positife;mau ptm;oikawajakut
48;Negative;kata gue sih gausah maksa ptm dah;whoisafira
49;Negative;PULANG LAH AKU KLO PTM NANGIS;O6O6sites
50;Negative;Sejumlah kepala daerah memutuskan menghentikan pelaksanaan PTM. Sementara untuk DKI Jakarta, Anies Baswedan menunggu keputusan;fadli_tamam
51;Negative;Anies Baswedan Sudah Usulkan ke Menteri Luhut Agar PTM Dihentikan Lagi Sebulan Penuh;ArzetiSilfia
52;Positife;ptm, tp masuk siang;jiyike
53;Negative;pagi ini pjj ntar siang ptm tai bgt ga tuh wkwk, makaziii, u too;naescafee
54;Negative;hdeh ptm 50% lg;jminecityx
55;Positife;lebih suka ptm, klo pjj bawaannya pengen rebahan trs;kurapipka
56;Positife;gue gamau pjj lagi pls.. mending ptm 50% aja;jmnboys
57;Negative;katanya ptm biar bisa ngerti pelajaran biar otakny berguna, lah malah koyo ngono. hdhhhhhh wagu;sxtyyc
58;Positife;senin depan ptm;snjinx
59;Negative;Skolah ku bnyk yg sakit.. sama aja si mreka yg sakit bkal ktinggalan plajaran emng lbih baik pjj atoga ptm 50% ajaa;renpuffie
60;Negative;PTM kasih ke ga percaya covid aja. Mau liat mereka sesak napas pake oksigen.;RandyIraa
61;Negative;ptm suka pjj juga suka, i love both, kalau keadaannya memaksa buat pjj that's okayy for meee, cuma lebih baik ptm 50% lah kalo dirumah hawanya males buat pahamin materi karena deket sama kasur;frdfrdohmnon
62;Negative;noted! rada takut juga sih kalo mau sekolah pas ptm karena rame banget dan udah ngerasa bakal ada yang kena :(;callamily
63;Positife; yupp aku ptm nii jd harus semangatt, have a greay day too;3raxcha0
64;Negative;udh pjj lagi aja, banyak gaya jga ptm 100% di kira siswa nya semua pada taat prokes kali wkwk;ddi0nysuss
65;Positife;Wah, makin lama makin arogan dan nggak masuk akal nih himbauan satgas @satgascovid19id, berarti pemulihan ekonomi itu cuma omong kosong dong? Justru banyak pedagang kecil yang berharap perputaran ekonomi normal kembali dari kegiatan PTM, yang sekarang terancam distop kembali.;AZHARFRS
66;Positife;YAKAANN gamauu:((\nenakan ptm walopun lebih capek;iniiivii
67;Negative;ptm capek kack;risolcakwe
68;Positife;samaaa, wlu ptm juga banyak tugas ga sestres pjj.\nkaya tugas banyak tp masih bisa sosialisasi sm orang, dirumah stres;jiaanrt
69;Positife;PTM 50%\nSemoga lekas membaik;SegoGudegEnak
70;Negative;anj gue gajadi ptm 100%;snafflewizpy
71;Positife;enakan ptm deh drpd daring.\ndaring tugasnya banyak banget dibanding ptm;bbkeeyz
72;Positife;smangat ptm nya met;imyourniell
73;Negative;sumpah ini ptm lagi kapn si pjj bikin ngantuk;hasnaayyjm
74;Positife; 6/10 aku cpe bgt ptm tp main sm temen2 smp!! seruuu;yeagervinn
75;Negative;yhahhahahahahaha, emg  labil. udah dibilang mendingan pjj dulu sampe bener-bener aman, biar gak gini ptm bentar;lewoouwu
76;Positife; i-iya juga sih... :) TAPI PTM lebih seru kalo PJJ nanti tambah teu ngerti pelajaran shsh;jwrs_3to3
77;Positife;gwh ptm ni sdh mw presentasi;renjunlovvs
78;Positife;adek w baru aja ptm 100%;lovelykjk
79;Positife;Plis lah sekolahku baru mau ptm masa gajadi;cilbocill_
80;Negative;"Jujur capek sekolah ptm,bukan karna tugas doang tpi karna harus ketemu bnyk org+interaksi juga\nMana gua tuh klo udh interaksi banyak"" ama org suka cape ya,trus otak tuh jdi ngeblank,ngomong jdi aneh/gajelas\nTpi klo pjj,ntar gua makin parah,makin ansos'";SerendiPina_
81;Positife;enak bangeet ptm, di sekolahku jd pjj lagi :(;kacangmadua
82;Positife;kan aku PTM kak makanya rajin;jjyugniuss
83;Negative;PTM dihentikan dulu sampai batas waktu yg tidak ditentukan;annenovy
84;Negative;Balik lagi PJJ. Kasihan banget adikku padahal belum ada sebulan PTM lagi.;d_ddableu
85;Positife;udahhh plg bener ptm 50% ajaa trs prokesnya diketatin dr pihak sekolah;catishot
86;Positife;Kangen ptm;seokiekasa
87;Positife;semenjak ptm w bangun nya subuh banget;sunghoonpwarkkk
88;Negative;Pada masa PTM Terbatas dan PTM 100 persen, kita kerap melihat cukup banyak anak sekolah yang saat pergi ke sekolah atau pulang dari sekolah tidak menggunakan masker.;kompasiana
89;Negative;yhaaa gabisa ptm yaaa;deathhdumb
90;Positife;anak skrg kalo pelajaran maunya ptm, kalo ulangan maunya online;nyfthh
91;Positife;huhu iya online tuh kdg ga enak :( semoga cepet balik ptm lagi ya;ramyeonspicy
92;Positife;edisi ptm check. sayang banget minggu ini full pjj, gatau sih minggu depan gimana;vanuerabee
93;Negative;Hehehe TPI PTM tugasnya ga manusiawii;pin_uts
94;Positife;wahh semangat ya online nya, semoga bisa cepet balik ptm lagi;ramyeonspicy
95;Negative;Orang tua kuatir PTM 100%\nanaknya takut sama guru\ngurunya takut sama Kepsek\nKepseknya takut sama Diknas\n\nteruuuuuussss...;Brunowicaksono
96;Positife;gw mahasiswa, dan yg katanya mau ptm di semester ini eh malah ada rumor kalo ptm bakalan di batasi dan kemungkinan bakalan pjj, sumpah sih nyesek banget pdhl udh ngarepin;vvitamyn
97;Positife;ko enak si ptm;guitarxs
98;Negative;udh sebulan ptm ehh pjj lagi soalnya banyak yg kena;OhChel_
99;Positife;gue jg suka ptm, lebih ngerti materi soalnya gurunya jelasin lgsg. diskusi sm tmn jg jd lebih enak. tp kondisi nya lg kyk gini, jd ya lebih baik pjj lagi aja. setidaknya ada upaya untuk memutus rantai virus ini.';voguemevoyes
100;Negative;mau pjj gue capek banget ptm';harujaejunk
101;Positife;Aku pjj lagi nder malah loyo. Kl ptm semangat;shoyourange
102;Negative;Kalau sekolah swasta rata2 sdh berhenti PTM dari pertengahan Januari lalu.\nAnak2ku sdh balik full online sejak itu.\nUntungnya anak2ku sdh beradaptasi dgn belajar online, jadi gak terlalu stress spt awal pandemi dulu.';mickeynasution
103;Negative;dari awal ptm aku sih udh loyo;LVuittonJK
104;Negative;STOP PTM 100%\n\nSaya yg pertama kali akan menyatakan....\nSETUJU......\n\nKeselamatan anak didik adl yg pertama dan utama;BumiMerahPutih9
105;Negative;Gapapa ptm tapi jan sampe sore anjir aku mau belajar utbk dah capek raga duluan mana tetep ada pr:');Lessakurafim
106;Negative;loyoo, soalnya sakit badan mulu gw abis ptm tuh;lvlyjjh
107;Negative;yok isi petisi tolak ptm 100%;jipfess
108;Negative;Stop PTM Pak @aniesbaswedan\nBandel bandel dikit gak apa lah Pak...\ndemi keselamatan anak anak sekolah pak.;tjapoenglaut
109;;tim tetap PTM;pancakesbubbly
110;Positife;gw pengen nangis deh sekolahnya pjj lagi. gakuad tugasnya banyak banget dibanding ptm kemaren;dekyungcoty
111;Positife;ehh enakan ptm tauu;jwoyeoon
112;Positife;gbsgbs, enakan ptm dongg;kachoouw
113;Positife;yahhh semoga info selanjutnya ptm lg;MilesMcStuffins
114;Positife;PTM 50% gaenak ya ternyata:(( walopun skrg aku kebagiannya PJJ tp rasanya beda aja ga kek PJJ biasanya:((\nEnakan PTM 100% kl ga PJJ aja 100% sekalian..;yaiyagituuu
115;Positife;Udah ptm terus Alhamdulillah sini aman;Floweys_
116;Positife;ptm,dan semoga masi tetap ptm;naya_lian
117;Positife;Ya Allah jangan sampe ptm 50% berakhir plis. Tdk ada pemasukan;vjisunghan
118;Positife;kangen ptm;ssyambs
119;Positife;gua juga suka ptm anjjr dpet duit jajan tpi mikir jg kondisiny skrng malah sakit gini gua;exileary
120;Positife;Sebulan doang ptm 100%nya wkwk, abis tu ptm 50%;YJYJYJYJ_
121;Negative;Anies Minta PTM 100 Persen Dihentikan Sementara, Jubir Luhut: Sedang Dipertimbangkan;aldotjahjadi8
122;Positife;skrg sampe besok pjj, semoga senin balik ptm lg si;jyancuks
123;Positife;gak usah ptm 100% juga gapapa, 50% aja gue udah bersyukur banget.;mjolnoir
124;Positife;Mangatts nderr, semoga cpt balik PTM lagi;Bundsary
125;Positife;Kok ada org suka PJJ sih menurut gue PJJ hidup gue gk bermakna bgtt adanya stres dirumah.  Sebulan ptm rasanya hidup gue ada cerita nya gue ingin hari ini ngapain, kemarin ngapain tpi klo PJJ hidup gue kaya gk berkesan sama sekali.. ya tuhan gue cuma Pgn virus ini segera berakhir';ydmnbl_
126;Negative;well gue suka bgt sama ptm tapiiiiii for now i prefer pjj gatauu yaa tp di sekolah gue untuk pjj udah lumayan bgt jadi gue masih bisa ngerti materi, sekolah gue literally se effort itu untuk pjj jd gue gak masalah kalo pjj;vernmood
127;Negative;Dari cerita teman2 yg masih punya anak usia sekolah banyak yg terpapar di sekolah krn banyak yg udah mulai ptm 100%;christiana_dewi
128;Negative;takut ptm lgi deh;jaheecityx
129;Positife;mas mentri @nadiemmakarim #PTM jagn dihentikan, seharusnya sekolah yg memberikan keyakinan kepd orangtua murid bahwa prokes ketat diberlakukan di sekolah, jgn kalah dengan pusat hiburan dan perbelanjaan pak, tmpt pendidikan jgn kalah dgn tmpt hiburan';rezadung
130;Positife;selamat pagi dari aku yang ptm;watashiure
131;Negative;rasanya aneh harusnya ptm malah pjj, tapi ya gak mau ptm juga. takut;011510h
132;Negative;gimana sih rasanya pas lu udah siap tinggal berangkat sekolah tapi ternyata ptm nya diberhentikan? SUMPAH GUE BADMOOD BANGET!!;thisuserisjaegf
133;Positife;anjg kapan ptm lagi dah gue butuh duitt buat marett;mooddyswing
134;Positife;gue uda nyaman bgt ptm sumpah trs jg sekolah gue baru ptm 3minggu ajg maksudnya apa lgsg pjj lg semuany grgr co*id tai;ssunqmi
135;Negative;"sebenernya masih mau prefer ptm, tapi karena ex-penderita covid banyak yang nunjukkin daya ingat &amp; tangkap otak berkurang mending pjj aja deh ga mau kena ";virgothingy
136;Positife;kalo ptm tuh kaya semangat aja belajarnya kalo pjj bawaannya pengen bobo terus :(;sciencelyz
137;Positife;"org"" kok pada demen pjj dah wkwkwkw, iya gue tau emg situasi nya ga memungkinkan bgt buat ptm, tapi ya kalian harus doa yg baik"" lah, juga minim ptm 50% dh lebih dari cukup, kalo pjj lagi ya jenuh anying dh 2taun dirumah bukannya tambah pinter malah goblok'";l0eydust
138;Negative;Aku juga mau pjj lagi nder, ga nyaman banget ptm;lovellya__
139;Negative;Sejumlah kepala daerah memutuskan menghentikan pelaksanaan PTM. Sementara untuk DKI Jakarta, Anies Baswedan menunggu keputusan Luhut Pandjaitan;detikcom
140;Positife;Harusnya orang2 yg parno spt anda homeschooling aja atau hidup di gua aja, anak2 itu meski di rumah jg mainan dg teman tanpa prokes, ngapain bingung urusin PTM yg ortunya sdh setuju;Sambern86576955
141;Positife;ptm nih,semoga ga pjj deh masa baru sebulan ptm udah pjj lg huhuhuu;woojikey
142;Positife;"Ptm soalnya kalo ngejelasin lebih cepet paham &amp; dpt uang saku";cutiexunqi
143;Positife;Vaksinasi digelar dalam rangka mendukung pelaksanaan pembelajaran tatap muka (PTM);lipsrtick
144;Negative;PJJ, PTM tu kadang sebel gurunya tu niat ga niat ngajar banyak jam kos nya gitu;kksmtaa
145;Negative;sekolahku ptm 100% terus apa gapapa ya, aku sendiri yang khawatir. padahal di sekolah udah sering banget yang izin sakit ;theoneinpluto
146;Positife;enaknya ptm kalo jawab pertanyaan, maju ke depan ngerjain soal, nanya pertanyaan yg bagus dapet nilai tambahan;huksoju
147;Positife;w masih tim ptm walaupun males bangun pagi;huksoju
148;Positife;enakan ptm tapi ya emang capeknya kerasa banget, cuma kalo pjj tugas makin numpuk jir... Apa apa susah;huksoju
149;Positife;Semoga ptm 100% aamiin\nBerharap aja walau sekarang banyak yang pjj;wonuuyu
150;Negative;'@jaeminflurry Hadeuuuhh gak kebayang aku kalo PTM bakal secapek apa';evantely_
151;Negative; Ya Allah berharap banget skul gue pjj lagi, tidak kuat ptm lelahhhhh;hcneysseus
152;Positife;alhamdulillah sy mulai ptm 100% tadi pagi;habezhabez
153;Positife;aku mw ptm aja dirumah tertekan;poekimay
154;Negative;Pembelajaran Tatap Muka (PTM) di Tangerang Raya, Kota Bekasi, dan Kota Bogor dihentikan setelah kasus Covid-19 terus meningkat. Akan tetapi, PTM di DKI Jakarta justru masih akan dilanjutkan;BBCIndonesia
155;Negative;Untuk sekian kali. Tolong pertimbangkan pelaksanaan PTM 100%. Positivity rate Indonesia sudah mencapai 12%. Bahkan peringkat jumlah kasus baru mingguan kita sudah mengalahkan Afrika Selatan dan mendekati Malaysia di Worldometers. Terapkan mode sekolah virtual;ProfesorZubairi
156;Negative;Ada narasi: PTM aman dilanjutkan. Kecil kemungkinan anak-anak terinfeksi, apalagi telah divaksinasi. Ini keliru. Vaksinasi tak hentikan anak membawa virus. Sudah bermunculan klaster sekolah dan keluarga. Kita harus memiliki zero covid strategy jika ingin mengontrol pandemi ini.;ProfesorZubairi
157;Negative;Orang tua murid dan perhimpuan guru melihat, pelanggaran prokes saat PTM 100% yang dihadiri seluruh siswa kerap terjadi sehingga berpotensi terjadi penularan. Dan kalangan praktisi kesehatan melihat PTM 100% tidak lagi aman saat kasus Covid naik lagi;BBCIndonesia
158;Positife;gue mau ptm aja, fuck daring.;mhkyrielight
159;Positife;b'@heishaechan Wihh semangat ptm nyaa, jangan lupa sarapan yaa biar makin semangat;khgchandy
160;Negative;b'@schfess Aku suka PTM. PJJ ampas banget. Tapi.... Mengingat omicron itu lebih cepat menular, dan kasus meninggalnya rata2 lansia, kayaknya PJJ dulu gapapa. Aku takut ngga sengaja bawa virus dari sekolah maupun perjalanan ke sekolah.';Lemuelsalieri
161;Negative;Wali Kota Bogor Hentikan Kegiatan PTM Pasca Temuan Puluhan Siswa dan Guru Positif Covid-19;kompastvmedan
162;Negative;jujur aku juga gaterlalu mau, tapi diliat2 kalau PTM apalagi yang 100% reaaaaaally beresiko buat kita karena setiap hari ketemu dan belum tentu semua siswa ataupun guru melaksanakan prokes dengan bener :( buktinya di minggu ke dua apa tiga ya waktu itu.. pas itu ;yoouzn
163;Negative;sangat tidak bersemangat karena sekolah ptm 100 persen alias masuk semua;stiffjin
164;Negative;Wagub DKI: Usulan penghentian PTM akan didiskusikan lagi dengan pusat;ElshintaDotcom
165;Positife;b'@gyvlatte Semangat ptm nya yaa';xxlidyy
166;Positife;Baru juga seminggu full PTM, irh mau lockdown lagi;vindradavs
167;Negative;yes, true. nggak usah maksain ptm deh drpd makin banyak yg kena c nya.;loeeyi
168;Negative;yhahhahahahahaha, emg  labil. udah dibilang mendingan pjj dulu sampe bener-bener aman, biar gak gini ptm bentar trs pjj lagi.;rssieez
169;Negative;b'@Bhetsy_angel @perupadata Betul, kak. Adikku yang sekolah negeri diwajibkan untuk PTM 100%, padahal murid sekelas nya sudah ada yang terkena covid, tapi tetap belum ada tindakan :(, kalau aku swasta disini masih 50% pakai rombel. Gak tau kenapa sekolah adikku belum ada batasan.. serem :(';kwanglbae
170;Positife;pengen balik new normal, ptm 100% sekelas, sekolah dari pagi-sore, huhu kapan ya;nameisjoon
171;Negative;Pada egois sih mau PTM semua udah tau covid belum 100% pulih. Emang mau tetep bergaul tapi pada kena covid??;pickhangyul
172;Negative; beneeer. gue tim prefer ptm tapi kalo kondisi kaya gini maksa ptm aga aneh sih... ga semua orang imunnya sama;dlrudn
173;Negative;aku balik pjj lagi gais, ptm 100% cuma bertahan 2 hari \xf0\x9f\x98\x83 kalian gimanaaa? masih ada yang ptm 100% kah?;kalaaspace
174;Positife;lah gua juga belum ptm 100%, gpp yg penting ptm;lokalesouffle
175;Positife;Wkwkwk, dosen dosen aku masih pada berharap mingdep ptm;honeyedyoongi
176;Positife;CURANGG, ak ptm. tp ptm enak dpet uang saku;chlnatrl
177;Positife; Ptm tpi 50% aja per sesi gitu;Napinina
178;Negative; Iyanih nunggu ptm ditutup dulu kok blm ada juga ya kabarnya.;nadiaalfiyyati
179;Positife;Ptm dong;cosplayerkamper
180;Positife;aku kangen ptm;spideystuf
181;Positife;udah nyaman ptm, gue bego gara2 pjj anjir;fairytaeles
182;Positife;Ga mau pjj, ptm udh seru bgt;eyesmerada
183;Negative; Anies Usul Hentikan PTM 100 Persen di DKI Jakarta selama Sebulan;ENS53311139
184;Positife;ngga pengen pjj, ptm bikin aku lebih mudeng sama materi ;Caramelaaa3
185;Negative;males bgt ptm;njaemchan
186;Negative;tugas ptm lebih parah;suisican
187;Negative;lebih suka ptm, tapi gue ngga mau egois kalo gini mending gue pilih pjj daripada resiko tinggi;scrawcozy
188;Negative;masih ptm padahal di sekolah gue udah ada yang positif 6 orang;lzenievision
189;Positife;begitu nyaman ptm 100% malah di bagi 50% lagi;fullssunrise
190;Negative;Males bgt ptm;ilvtenyuw_
191;Negative;Gue tuh kesel bgt dah udh tau covid lagi tinggi tingginya masih aja ptm, nanti klo ada yg kena covid trs kenapa napa emg pemerintah atau sekolah mau tanggung jawab?;Hoshhorangie
192;Negative;Soalnya kalau ptm bnsyak sekali tugas, persentasi, mana sekarang banyak banget tugas kelompok yang ngeluarin duit yang banyak;noshcityx_
193;Negative;jujurly, males banget ptm;canadiancob
194;Positife;b'@schfess setidaknya ya ptm 50% ajalah, masa pjj terus';itsnaufalardana
195;Negative;sejujurnya pengen ptm, tp ya agak takut ya (wlopun alumni covid jg ni)..\ntapi kalo pjj, ini ga ada zoom astaga buat penjelasan..\nbiasanya mah ada zoom pdahal, trus ini di daerah ku ada bbrp skola yg murid/staff/gurunya + covid huhu :'))\nbilangnya sih pjj smpe jumat doang;anakcngtiip
196;Positife;b'sekolah gue mah gas aja ptm 100% \xf0\x9f\xa5\xb4\xf0\x9f\x99\x84 https://t.co/8Ere30bCop';jenonilla
197;Positife;klo ptm tidur w ga keganggu, enak. pjj tidurnya kaga adaaa;jxfhyn
198;Positife;plis w mo ptm aja, pjj ketar ketir ak lelah thx;jxfhyn
199;Negative;Tambah ngeri mau ptm;panzzzt
200;Negative;b'@schfess Sebenernya ptm udah cukup efektif bgttt, gue jga udah nyaman ptm... tapi kalo liat kyk gini mending pjj sihhh, serem cuyy. Mana nggak pada taat prokes wkwk';aestvtika
201;Negative;b'wktu itu yg ptm 100% udh 3 minggu krn ad yg positif dipjj in, trs pas udh masuk lg BARU 2 HARI AJG udh dipjj in lgi tai';HAECHANHYUCKIE
202;Negative;b'bisa ga si langsung cepet cepet libur ga kuat bgt asli sklh ptm\xf0\x9f\x98\x8c';delightfroglet
203;Positife;b'@schfess Ngerjain tugas lebih enak pjj sih... Tapi aku suka ptm, karena bisa main dan dpat uang\xf0\x9f\x98\xad';h4nyura
204;Negative;b'Kapan terakhir kali kamu tertidur tenang?? Sebelum PTM pokoknya \xf0\x9f\x98\xad\xf0\x9f\x98\x94\xf0\x9f\x91\x8d';gelatoristretto
205;Negative;b'Puluhan Siswa Terpapar Covid-19, MAN Surabaya Hentikan Sementara PTM https://t.co/fleTwZ3YUg';Konfrontasi_co
206;Negative;Ketika PTM di bogor kota ditunda namun di kab bogor masih lanjut PTM tp banyak siswa yang flu ._. mau enjoy tp covidnya nyata mau ga masuk tp ngejar materi takut tbtb wfh lg jd serba salah;diahpungki
207;Negative;b'@schfess udh pjj lagi aja, banyak gaya jga ptm 100% di kira siswa nya semua pada taat prokes kali wkwk';orgcakepni
208;Negative;PTM DKI di stop pak...jangan main2 dgn nyawa anak2;RickyCesarean
209;Negative;b'RT @03__nakula: Ada potensi COVlD-19 meningkat, sebaiknya PTM dihentikan sampai kondisi memungkinkan.';_Bee_V1ez_2O
210;Negative;Ini PTM berasa kaya gada liburnya, alias tiap hari ada aja tugasnya;coagulateddd
211;Positife;Senin depan udah PTM new normal, balik nguli lagi semangat;nadyautamilubis
212;Negative;Mending pakde mikir, ini kenapa masih PTM padahal setengah sekolah ijin sakit dengan gejala yg sama. sad gimana lah nasib yg rumahnya ada bayi atau elder.';nasipakde
213;Negative;Sejumlah pemerintah daerah di wilayah aglomerasi Jakarta menghentikan sementara kegiatan pembelajaran secara tatap muka alias PTM terbatas dengan kapasitas 100 persen. Pemerintah Kota Bekasi, Pemkot Bogor, dan Pemkab Bogor menilai terjadi\xe2\x80\xa6 https://t.co/eTCgKQ0cGS ;korantempo
214;Positife;Jujur gw milih ptm. semua mmg ada plus minusnya. ptm buat gw jd lebih deket sama temen\xe2\x80\x9d dan lebih gampang nyerap materi, minusnya badan cape tp masi bisa ditoleransi. kl pjj ya lo bljr;fahrenheit148
215;Negative;Kok bisa sih orang orang karena PTM g pernah begadang dan jam tidur mereka normal sedangkan aku gegara PTM jam tidur berantakan banget:);mengdifferent_
216;Negative;srius gue lg bete bgt sama kampus gue bisa bisanya ngefix-in ptm offline full... padahal letaknya jg di depok termasuk tinggi bahkan SMA gue aja ada omicron kmrn dan langsung berhentiin ptm. aduh gedeg;nadhewra
217;Negative;Ini sklh gw maksa PTM padahal dari kmrn ada yg kena, guru jg bahkan. Malah bilang nunggu Jumat, klo ada kasus lagi baru di PJJ-in. Lah anjir nunggu parah dulu ini mah;honeyylemonade
218;Positife;b'@stormmweb padahal uda enak enak ptm malah disuruh pjj lagi';binisingto
219;Negative;b'walaupun pjj super duper tidak efektif karena banyak materi yang tertinggal, tp aku lg mls bgt ptm huhuhuhu';hyunjaebakpao
220;Positife;b'@schfess Menurutku enakan ptm sih, tp ya.. ywd pjj lagi.';siapa_yaaah
221;Negative;b'Ini PTM gak bisa balik PJJ lagi apa. Adek gue resiko tinggi anjir';faucetwater
222;Negative;b'RT @problemathiccx: Tolong banget lah ini ngapain sih masih PTM 100%, mau marah:( Setiap hari aku jemput adekku yang SD ke sekolah, ada aja\xe2\x80\xa6';tiaraputrianant
223;Positife;b'@ChandBibi78 Ye bkws apne pas rako. PTM pashtunon k dil me bhasa hai ab. PTM apne hr badly ka badla hanta hai. Intezar ki geerian khtm kr daingay tum logun ko';Hameedkakar9
224;Negative;b'@CNNIndonesia Setuju pak anies, sudah banyak terpapar covid 19 dijakarta......ptm 100% harus di ganti pjj.';HermansesM
225;Negative;b'@schfess Sebenarnya ptm tuh capek sama tugasnya baru sebulan aja tugasnya udh numpuk;pin_uts
226;Positife;b'lebih suka ptm sie masuk semua.. krn suka kebersamaannya udh mau lulus jg tinggal menghitung hari :(';xyzcotton
227;Positife;b'skrng suka bgt sm ptm \ngatau knp';withneyya
228;Negative;b'@schfess hadeh duit gua udh mulai kepake buat beli koyo lagi, ptm capeknya dobel soalnya nugasnya juga ikut berjalan, AAAAAA pliss i wanna be meng aja just meow meow no tugas';studybyel
229;Positife;b'@schfess mingdep harusnya mulai PTM, semoga jadi';noteshualian
230;Positife;b'@convomfs Disini juga sama nder,tapi sekolah kita dah minta kerja sama buat para siswa lebih ketat lagi di protokol supaya gak ptm online lg, guru gak mau online siswa gak mau juga ya otomatis kita berusaha yang terbaik aja buat bisa ttp offline';Kang_BakuHantam
231;Negative;b'Gais jujur aja sih PTM cape banget';minnkochh
232;Negative;b'besok aku ptm tp males bgt rasany';delapanmarett
233;Positife;b'btw ptm kapan lgi si?? sy butuh duit jajan :)))) #kembalikanduitjajan';aysshaa_m
234;Positife;"b'sch! kira"" dalam sebulan omicron ada penurunan gak yaa? aku pengen ptm\xf0\x9f\x98\xadsedih udh kelas 12 bntr lagi lulus'";subschfess
235;Positife;b'Yuhuu besok pjj. Lebih seneng ptm sih. Tp ya gimana ya, sekarang berangkatnya pake sesi.';chifleej
236;Positife;b'@convomfs Aku baru aja dapet edaran daring lagi sampe tanggal 16. Lebih ke sedih sih, gua PTM dapet banyak banget temen dan gampang banget gua nerima pelajaran. Kalo senengnya ya gua ulangan gak deg-degkan amat lah HAHAHAHAHA';miserythoughtt
237;Negative;b'Orang lain ptm seneng, gue ptm stress \xf0\x9f\x98\xad\xf0\x9f\x98\xab';nasigorengpabo
238;Positife;b'enaq ptm deh asli https://t.co/qjYnE59r75';leejenouz
239;Positife;b'@schfess Jujurly PTM sih, online bener\xc2\xb2 bikin stress, bosen dirumah trs, di rumah kadang keadaan nya ga enak, mending PTM si kyk lebih fokus materi, ketemu temen\xc2\xb2, soalnya selama online kmrin aku ansos bgt\xf0\x9f\x98\xad';ryshhchn
240;Negative;b'ptm mingdep males https://t.co/EEtfO8MxbL';nieseung
241;Negative;b'gua padahal udah girang bahkan sampe pamer ke smua orang yang masih pjj kalo gua besok ptm ternyata ptm nya gua diundur';strminjeong
242;Positife;b'ptm, semoga aja ttp ptm https://t.co/EuB7YjporZ';channopy_
243;Negative;b'RT @PartaiSocmed: Pak @jokowi mohon dengan sangat agar diberikan opsi PJJ pada siswa, terutama bagi anak2 yg belum vaksin atau yg anggota k\xe2\x80\xa6';TurnBackWahabi
244;Positife;b'Yh walaupun udah lulus tpi w prefer ke ptm si https://t.co/Aek3kvwdfT';begituIah
245;Positife;b'Enaknya ptm 100% adalah: Kalau ulangan bisa nyontek.';Kalopsia1997
246;Positife;b'@kincifox udah tapi aku ga mau pjj jadinya ptm';aintgheal
247;Negative;"b'@schfess Anj sama kaya sekolah gua daerah kabupaten Bekasi, disekolah udh ada yg positif covid adek kelas tapi PTM 100% masih dilanjut alesan nya karna vidrus nya dari keluarga bukan diarea sekolah, gua ga tau pikiran nya gimna, udh gitu ada beberapa guru yg kalo ngajar itu buka masker :""'";Gebyprmswrii93
248;Positife;"b'Udah seneng ya ptm full setiap hari (uang saku tiap hari) ehh skrng malah kek gini.. Ya jatah uang saku sy jadi bolong"" ini :(\xf0\x9f\x99\x8f https://t.co/X4fstRIUsL'";cintavthree
249;Negative;b'NO. GAK. PLIS FUCKINGG NOO. Capek banget sama tugas ga berhenti-henti ditambah ptm jadi 100%. Materi utbk belum semua kekejar, persiapan buat utbk masih 10% alias takut bgt ya allah, jerawat dan bruntusan di dahi lama ilangnya yang bikin aku tambah makin stress banget https://t.co/y2FBa6dRPc';MAKEUTHINGS
250;Negative;"b""BTWWW kaget tadi pagi ada info di grup kalo mulai hari ini ptm bakal jadi 50/50. mendadak banget asli, baru diinfoin paginya. kelas jadi sepi bgt :( mana temen temen yg deket pada di sesi siang. tapi untung udah lumayan akrab sama satu temen sih so i guess it'll be okay.""";japantheutic
251;Positife;b'@schfess Ptm no debat, walaupun kadang nolep sih, tapi gapapa yg penting lebih mgerti materi \xf0\x9f\x99\x82';Aaisyl6
252;Positife;b'jauh jauh lah pjj bangsat hehe, enakan ptm gini walaupun pun suka ngantuk hahah';JuniArifRahman6
253;Negative;b'kata gue mending online dulu gak si???\nkalo ptm tetep di lanjutin apa gak makin panjang waktu buat bikin kasus ini reda lagi, kalo kita online dari sekarang kan waktu nya jadi lebih singkat karena belum terlalu banyak yang kena...';tzoobewi
254;Negative;b'mohon bersabar kita sedang menganalisis, tapi kasus sedang tinggi  kita full waspada dengan prokes sambil mengevaluasi PPKM yang ambil pas untuk situasi ini termasuk mengevaluasi PTM juga kita evaluasi\n\nPPKM Tangkal Omicron https://t.co/1W55wTTEVZ';MilaSuebu
255;Positife;b'@shibuwya LAH malah enak ptm anjir gue pjj gabut bgt';sunghusn
256;Positife;b'giliran nyaman ptm 100%, eh malah daring lg gatau 100% nya kpn lg';hsyaa_ca
257;Positife;b'@schfess PTM HARI INI SERU BANGET!!! TAPI PAS PULANG DAPET INFO PTM 25% MAU NANGIS';yell0w___3to3
258;Negative;b'@schfess Belajar Online.. karna gue kalo PTM suka banget takut kesekolah gegara guru sama tugas yang bikin gue jadi tertekan';elatedtia
259;Negative;b'beneran deh.. males banget ptm.. lagi males bersosialisasi hh \xf0\x9f\x99\x82';punyafebii
260;Negative;b'Udah kelamaan ptm ampe sore lgi jdi dikasih berita online lgi seneng bngtt \xe2\x9c\x8c\xef\xb8\x8f';izasnicioire
261;Negative;b'Dinas pendidikan kota Surakarta resmi menghentikan sementara waktu kegiatan pembelajaran tatap muka terbatas di 8 Sekolah menengah pertama dan sekolah menengah atas di kota solo, setelah adanya laporan tentang adanya klaster penularan Covid-19 di tengah pelaksanaan PTM terbatas';AlbertSolo2
262;Positife;b'Sejak ptm badan jadi sering ngedrop, tapi gapapa soalnya jiwanya hari - hari happy ketemu temen secara langsung wkwk';siamalia99
263;Negative;b'@puanmaharani_ri Kalau dilanjutin PTM kayaknya khawatir bgt aku tuh :(((';audya_safia
264;Negative;b'Sudah sempat PTM 50% selama -+3bln sekarang PJJ again, gegara ada siswa Kls 10 positif Omicron,\nDan Security positif, banyak juga yg reaktif berdasarkan testing dan tracing, nasib mu nak tinggal beberapa Bln lagi kuliah\xf0\x9f\xa4\xa6\xf0\x9f\x8f\xbc\xe2\x80\x8d\xe2\x99\x80\xef\xb8\x8f https://t.co/LWDcQl20jV';InayahRasyid
265;Negative;b'ptm menyeramkan\xf0\x9f\x91\xba';djenoichie
266;Positife;b'@schfess ptm soalnya seru banyak temen, klo pjj stress sendirian mulu, belajar sendiri, pusing sendiri.';tkfflak
267;Positife;"b'@taynewwiie iyaaa padahal ud enak"" ptm'";binisingto
268;Positife;b'wed,2 feb 22\nhari ini ptm (lumayan seruu soalny ada free les) \xf0\x9f\x98\x86\nlagi kerja sama sekelas biar tugas prakaryanya ga dibawa terus jadi mingdep deh dikumpul\xf0\x9f\x98\x81 maaff ya bu,soalnya kami malass dan capek :) https://t.co/UiZx1ULqss';justanotherofre
269;Negative;"b'udah mending pjj aja anj, sia"" cok sekali ptm kasus covid melunjak, mending pjj aja anjirr sampe kasus bener"" ilang ya baru ptm lagi https://t.co/ZA04OIKyLg'";_Gusrya
270;Negative;b'Jam segini udh ngantuk aja, semenjak ptm aku sudah tidak bisa begadang';ciwacihuahua
271;Positife;b'@horangnteng ya kann,lagian belajarnya juga lebih nyambung kalo ptm';fenelopiyy
272;Negative;b'agak ketar ketir yh covid di sini naik tapi sekolah gue tetep ptm, mana imun gue lemah lagi gampang sakit wadudududuuuu';yippieyeaye
273;Positife;b'@fenelopiyy bener, soalnya lebih berbaur tapi ngerasa cape tapi mending ptm';horangnteng
274;Negative;b'kenapa kesannya malah kaya maksain ptm banget like chill bro ini bener2 udh masuk gelombang 3 kenapa ga sekalian online aja';yourbabyfeeder
275;Positife;b'Page 33 of 365\n\nHari ini PTM 100% hari pertama. Ngerasa takut, karena udah sekolah semua. Tapi, setelah dijalani lumayan menyenangkan. Yang penting udah berusaha, jalani sepenuh hati. Semangat!!\n\nRabu, 2 Februari 2022\n\n#SeCerita\n#SeptInFebruari';_septiaaana
276;Negative;b'@schfess Masih ptm 100% cuman kadang suka ketar-ketir soalnya sekolah di sby udah pada pjj lagi nah di daerah ku beluman';plethoranium
277;Positife;b'@schfess Jan sampe pjj lagi plisss setelah dua tahun loh, sekarang baru bisa ngerasain PTM 100% tuh seneng banget \xf0\x9f\x98\xad jan sampe pjj sekolahku jan sampe \xf0\x9f\x98\xad';Nanakyu96
278;Negative;"b'@schfess sebenernya lebih suka ptm, soalnya lebih berasa gt ""sekolah""nya.. tp skrng lebih mending online aja deh soalnya kaya waktunya lebih santai, bisa nyolong2 belajar utbk.. kalo ptm habis sekolah udah cape bgt ditambah lagi tugas2 hikz'";mengambisduluya
279;Positife;b'Gatau pokoknya sayang bgt sama ptm meskipun banyak tugas';rgkkyjo
280;Negative;b'baca berita covid gelombang 3 binggung mau seneng apa sedih, lebih suka pjj tapi kalo ga ptm ga bisa ngeliatin mas crush tiap hari \xf0\x9f\x98\xa4';aafifaifa
281;Negative;b'\xe2\x80\x9cSaya menyampaikan usulan agar untuk Jakarta, PTM atau pembelajaran tatap muka ditiadakan selama satu bulan ke depan,\xe2\x80\x9d kata Anies. #kumparanNEWS https://t.co/A71DKaARX0';BangUkis
282;Negative;b'@schfess Pengen jugaa, tpi baru besok mulai ptm ny, pjj aja lagi pliss';40o4notfound
283;Positife;b'Kenapa si, aku juga pengen ngerasain PTM masa aku kurang 2 tahun ga pernah ke sekolah buat PTM \xf0\x9f\x98\xad. Sedih banget udah stress capek, ngulang dan mengulang.';txtisTXT
284;Positife;b'udh nyaman ptm, eh mulai pjj lagi\xf0\x9f\x98\xad';jeonmytimess
285;Positife;b'Untuk orang-orang di lingkungan gue ini, lebih baik PTM walau risiko tertular Covid dibandingkan PJJ tapi anaknya nggak sekolah \xf0\x9f\xa5\xb2';annisa_it
286;Negative;b'mnding sekolah online deh keknya daripada PTM\nudah PTM, ditambah tugas lagi anjj https://t.co/xoS8L4MkGR';vibingwithdvxrz
287;Negative;b'masih ptm semoga pjj gue capeekk, bosen ptm mulai september\xf0\x9f\x98\xa9 https://t.co/aB7BmkUca3';aiceeecream
288;Positife;b'lbh suka ptm jujur, gue kalo di rumah kaya ga ada kerjaan di kamar mulu bosen pgn ptm lagiiiiii';hoontsel
289;Negative;b'gila ptm 100% fullday setelah sekian lama secapek ini anjir';jnbluesun
290;Positife;b'@schfess untuk bbrp mapel enakan ptm soalnya gurunya asyik, tp ada guru yg gaenak mendingan belajar onlen\xf0\x9f\xa5\xb2';bl00eskyy
291;Positife;"b""buat yang ptm nya udah 100% semangat yaa! i know it's tiring and i know you can pass it. seru tau, ketemu banyak temen dan dapet uang jajan apalagi yang punya crush di sekolah wah penyemangat sekali :D""";salsa_thoughts
292;Negative;b'haloo semua, hari ini aku ngga up progress ya, karena tadi aku ptm full dari siang sampe sore dan pulangnya aku langsung les, huft, cape banget jadi aku ngga sempet buat belajar lagi di rumah\xf0\x9f\x98\xae\xe2\x80\x8d\xf0\x9f\x92\xa8. \nRest well semuanya! good night!';gumieo_o
293;Positife;b'@schfess ptm, belajar online cm ngangong doang jg waktunya abis buat nugas';id99nom
294;Negative;b'pengen pjj aja kalo gini caranya, ptm 100% tugasnya banyak \xf0\x9f\x98\x94\xe2\x9c\x8b\xf0\x9f\x8f\xbb';heheamel
295;Negative;b'Sumpah udh bnyk kasus c19 tp masih aja di ptm in anjir gue tkut\xf0\x9f\x98\x94';CHENLERBY
296;Negative;b'pengen pjj aja kalo gini caranya, ptm 100% tugasnya banyak \xf0\x9f\x98\x94\xe2\x9c\x8b\xf0\x9f\x8f\xbb';heheamel
297;Positife;b'@schfess ptm. online udah eneg sayanya, kalo ptm tuh g bosen';channiecup
298;Negative;b'Pjj aja lagi nggak sih\xe2\x80\xa2\xcc\x81  \xe2\x80\xbf ,\xe2\x80\xa2\xcc\x80\nPtm tugas nya tambah banyak soalnya \xc3\x93\xe2\x95\xad\xe2\x95\xae\xc3\x92 https://t.co/nW8LxMpy4q';sweetbobaaaaa
299;Positife;b'Asik sih... Aku bisa jajan. Kangen kuliah ptm https://t.co/PzoQF6XDc9';dlcyun
300;Positife;b'@schfess ptm\n1. materi lbh gampang diterima\n2. tgs deadline nya seminggu sampe pertemuan berikutnya\n3. dpt uang saku\n4. tidur lbh teratur';seishuiinu
301;Negative;b'@berlianidris Sedih, sekolah yg udah PTM jadi online lg, mau jadi apa pendidikan kita :(';kangf4j4r
302;Negative;b'males ptm sat';hooneeystaars
303;Negative;b'@schfess sekolah gue belum, padahal gue udh capek ptm';alienbulann
304;Negative;b'Gue sebenarnya gpp sih mau pjj atau ptm. Cuma gara udah lebih setahun di rumah aja (beneran jarang keluar), kayak ngerasa takut aja mau ptm. Takut untuk ketemu org baru, soalnya gua kemaren maba dan baru pertama kali jg jauh dari ortu. Walau capek bgt tp gua mau pjj aja sih huhu https://t.co/BsFMypW5L1';cursexgirl
305;Positife;b'@schfess alhamdulillah masih ptm, semoga slalu ptm sih';mangocheeps
306;Negative;b'Anies Baswedan meminta pemerintah pusat untuk mengizinkan DKI menghentikan sementara pembelajaran tatap muka (PTM) seiring dengan terjadinya lonjakan kasus Covid-19. | #Megapolitan \n\nhttps://t.co/BJ1apsajtj';kompascom
307;Negative;b'bisa bisanya sekolah gue udah ada 2 anak yg positif malah tetep di ptm in gila aja, ya walaupun gue emg pengennya ptm tapi kaya ajdbajakwk sekolah sebelah aja satu anak positif semua di daringin';jenoleela
308;Negative;b'kenapa punggung lebih sering sakit semenjak ptm\xf0\x9f\x98\xad';kayjoonchwe
309;Positife;b'emang aku cocoknya ptm aje dah, pjj ginj berasa kosong bat otakku \xf0\x9f\x98\x83';alspov
310;Positife;b'udah seneng ptm soalnya ngga terlalu stress tiap hari hadepin masalah di rumah eh ternyata di pjj in lagi, tapi gapapa. semangat aku, semangat yang baca, dan juga semoga lekas membaik bumiku \xf0\x9f\x92\x99';convomf
311;Positife;b'padahal dh nyaman ptm 100% :(';szeyyeon
312;Positife;b'Lebih enak ngajar PTM dibanding PJJ, tapi gimana ya kasus corona makin tinggi \xf0\x9f\x98\xa9';saysila_
313;Negative;"b'sumpah ptm buat badan jadi kaget. pegel"" sm sering capek pls'";bellveupolk
314;Positife;b'PTM!! gw udah ngerasa nyaman sm sekolah gini\xe2\x98\xb9\xef\xb8\x8f sekolah sekarang udah bener bener kerasa rumah kedua.. gamau belajar online lagi.. :( https://t.co/M1rZDcySQ1';halominho
315;Positife;b'@schfess Ptm soalnya lebih enak dan bebas interaksi sama gurunya + enak juga interaksi sama temen temenya ga jaim jaim';eskopiiiiiiii
316;Negative;b'males bgt besok ptm';enhqypen
317;Positife;b'pls lebih baik aku ptm tp gak ada temen, daripada pjj terus materi yang dijelaskan guru gak ada yg aku ngerti \xf0\x9f\x98\xa3\xf0\x9f\x98\xa3';mochiamuse
318;Positife;b'Please PTM. Walaupun PTM cape, tapi onlen lebih cape';sunblockshine
319;Negative;b'Hentikan PTM sementara di Jakarta, Pak. Sampek positivity rate turun drastis. https://t.co/KrXynm9nJu';chuplizz
320;Positife;b'@bbyprple iyaa, klo ptm juga deadlinenya biasa sesuai jam pelajaran dan klo di sekolah kan gampang kerjain bareng temen juga jadi cepet selesai';xiaehyun
321;Positife;b'aku tu kalo ptm ngincer uangnya pliss... mau cb dream uang baru kekumpul 150.. mana ntar pjj lagi kan ga di kasi uang\xf0\x9f\x98\xad';jjmnwnz
322;Negative;b'Di kelas gue udah 7 orang yg positive, tapi masih lanjut ptm? Anjirr anjirr, percuma jugaa ptm guru ga brani masuk kelas gue';junmyeonnnie_
323;Positife;b'@nctzenhalu 10/10 seru lah ya, ptm 100% walau cape juga sih\nmimin gimana? udh full 100% belum?';pouzelle
324;Negative;b'@schfess anehnya lebih ngerti, ptm berisik ngerti engga pusing iya';urfavgu38223663
325;Negative;b'Aku semenjak ptm 100% hampir tiap hari ada pr anjir..';vionachoix
326;Negative;b'ptm ga enak waktu leha leha kepake buat setrika seragam,beresin buku,siapn bekel,perjalanan ke sekolah tpi seruu banyak hiburan , pjj banyak waktu leha leha tapi suntukkkk masa gue ketawa ama tembok';jjjjnhkchw
327;Positife;b'@zrknva Udah nyaman ptm masalahnya \xf0\x9f\x98\xad\nJd agak kecewa juga :(';hannie_0914
328;Negative;b'Pengen PJJ, sekolah gw ttp ptm. Gw tiap sekolah selalu was-was \xf0\x9f\x99\x83';wonurideulll
329;Negative;b'semoga ptm minggu depan gajadi \xf0\x9f\x99\x8f\xf0\x9f\x8f\xbb';canpva
330;Positife;b'Pengen balik ptm\xf0\x9f\x98\xad kalo pjj gak dapet duit gak bisa jajan\xe2\x98\xb9\xef\xb8\x8f';pandahoon_ie
331;Positife;b'mau ptm please, ga mau pjj.. katanya diperpanjang sebulan. nanti masuk\xc2\xb2 usbn GA SUKAAAA';br0ckye
332;Negative;b'Covid-19 Meningkat di Lingkungan Pendidikan, Pemkot Bogor Hentikan PTM Satu Minggu - https://t.co/lOtFUkQE0E';web_bogorkita
333;Positife;b'Heh ga asik bangettt, masa ptm sampe akhir februari ajaaa huaaaa\nGamau daring\xf0\x9f\x98\xad\xf0\x9f\x98\xad';milapebrianiii
334;Negative;"b'""Omicron rawan bukan hanya untuk lansia, tapi juga anak-anak, khususnya yang di bawah 5 tahun. Ini serius. Makanya saya selalu bicara untuk berhentikan PTM karena kita harus meminimalisir kasus,"" ujar Dicky.\n\nhttps://t.co/isVBbhmyCb'";tribunnewswiki
335;Negative;b'ribet bgt ptm, pgn onlen aja\xf0\x9f\x99\x83';janewh_
336;Positife;b'enak ptm 100% ramee';theechans
337;Negative;b'Aku udah uninstall apk meeting online karna udha siap mau ptm..ehhhh kemarin turun surat katanya ptm diundur april..hadeh https://t.co/2RJjPAUzTv';seesaw_fy
338;Negative;b'ptm emg enakk , tpi jarak rumh ku ke skola tu 45 menit jadinya bikin capek di jalan harus bolak balik \xf0\x9f\x98\x94\xf0\x9f\x98\x94\xf0\x9f\x98\x94';lovmklee
339;Positife;b'di sklh doang tmpat yg ga mikirin beban, walau ada mapel susah mlh lebh enak di sklah, snyam\xc2\xb2annya pjj, ptm lbh asik... \xf0\x9f\x98\x9e\xe2\x98\xb9';ilyasahism
340;Negative;b'males ptm tp lebih males di rumah';ramyecnz
341;Positife;b'@lovmklee Jujur saja ptm, soalnya klo pjj saya malah ketinggalan banyak';PRKJSUNGSSI
342;Negative;b'RT @LMJM08: @schfess gatau, full ptm mnurut ku gk asik, tmn sekelas bnyk yg prik';akuduchess
343;Positife;b'@schfess PTM. soalnya kalo online stres di rumah, stres sama orang rumah.. gaada hiburan. kalo di sekolah kan ketemu temen, dapet uang sangu https://t.co/ghmBRqlDGI';avocuddless_
344;Negative;b'RT @HaiMagazine: Kasus Omicron Naik, PTM SMA dan SMK di Tangerang Raya Dihentikan https://t.co/AK4smyhpY6';pandurosshi
345;Negative;b'Sejumlah Siswa Terpapar Covid, SMK Indonesia Putra di Kota #Blitar Hentikan PTM\nhttps://t.co/WFkP8bCCtW, #Blitar \xe2\x80\x93 Sekolah Menengah Kejuruan (SMK) Indonesia Putra, ...\n.\nBaca selengkapnya : https://t.co/RMyTnUNMv8\n.\n#BeritaBlitar #KanalStright #KotaBlitar #SiswaPositifCovid19 https://t.co/9Mg7JkmV0R';satukanalcom
346;Positife;b'@zaraamoon_ sama nih ak juga baru dikasih pengumuman pjj lagi, padahal udh nyaman ptm \xe2\x98\xb9\xef\xb8\x8f';yeonestly
347;Positife;b'jujur skrg udah nyaman bgt ptm \nw emoh pjj lagi\xf0\x9f\x98\xad https://t.co/QIMFgUi7U6';hancioqyu
348;Negative;Masi ptm pdhl pngn pjj lgi biar bisa lama rebahan;gieellgia
349;Negative;"b'sumpah kl kek gini mendingan pjj, ptm apa anjg kgk jelas tugas malah makin banyak, blm presentasi presentasi lainnya????@/$:):&amp;,?:&amp;:$3@\xe2\x80\x9c/@:)/?'";2j_inmyh
350;;;
351;;;
352;;;
353;;;
354;;;
355;;;
356;;;
357;;;
358;;;
359;;;
360;;;
361;;;
362;;;
363;;;
364;;;
365;;;
366;;;
367;;;
368;;;
369;;;
370;;;
371;;;
372;;;
373;;;
374;;;
375;;;
376;;;
377;;;
378;;;
379;;;
380;;;
381;;;
382;;;
383;;;
384;;;
385;;;
386;;;
387;;;
388;;;
389;;;
390;;;
391;;;
392;;;
393;;;
394;;;
395;;;
396;;;
397;;;
398;;;
399;;;
400;;;
401;;;
402;;;
403;;;
404;;;
405;;;
406;;;
407;;;
408;;;
409;;;
410;;;
411;;;
412;;;
413;;;
414;;;
415;;;
416;;;
417;;;
418;;;
419;;;
420;;;
421;;;
422;;;
423;;;
424;;;
425;;;
426;;;
427;;;
428;;;
429;;;
430;;;
431;;;
432;;;
433;;;
434;;;
435;;;
436;;;
437;;;
438;;;
439;;;
440;;;
441;;;
442;;;
443;;;
444;;;
445;;;
446;;;
447;;;
448;;;
449;;;
450;;;
451;;;
452;;;
453;;;
454;;;
455;;;
456;;;
457;;;
458;;;
459;;;
460;;;
461;;;
462;;;
463;;;
464;;;
465;;;
466;;;
467;;;
468;;;
469;;;
470;;;
471;;;
472;;;
473;;;
474;;;
475;;;
476;;;
477;;;
478;;;
479;;;
480;;;
481;;;
482;;;
483;;;
484;;;
485;;;
486;;;
487;;;
488;;;
489;;;
490;;;
491;;;
492;;;
493;;;
494;;;
495;;;
496;;;
497;;;
498;;;
499;;;
500;;;
501;;;
502;;;
503;;;
504;;;
505;;;
506;;;
507;;;
508;;;
509;;;
510;;;
511;;;
512;;;
513;;;
514;;;
515;;;
516;;;
517;;;
518;;;
519;;;
520;;;
521;;;
522;;;
523;;;
524;;;
525;;;
526;;;
527;;;
528;;;
529;;;
530;;;
531;;;
532;;;
533;;;
534;;;
535;;;
536;;;
537;;;
538;;;
539;;;
540;;;
541;;;
542;;;
543;;;
544;;;
545;;;
546;;;
547;;;
548;;;
549;;;
550;;;
551;;;
552;;;
553;;;
554;;;
555;;;
556;;;
557;;;
558;;;
559;;;
560;;;
561;;;
562;;;
563;;;
564;;;
565;;;
566;;;
567;;;
568;;;
569;;;
570;;;
571;;;
572;;;
573;;;
574;;;
575;;;
576;;;
577;;;
578;;;
579;;;
580;;;
581;;;
582;;;
583;;;
584;;;
585;;;
586;;;
587;;;
588;;;
589;;;
590;;;
591;;;
592;;;
593;;;
594;;;
595;;;
596;;;
597;;;
598;;;
599;;;
600;;;
601;;;
602;;;
603;;;
604;;;
605;;;
606;;;
607;;;
608;;;
609;;;
610;;;
611;;;
612;;;
613;;;
614;;;
615;;;
616;;;
617;;;
618;;;
619;;;
620;;;
621;;;
622;;;
623;;;
624;;;
625;;;
626;;;
627;;;
628;;;
629;;;
630;;;
631;;;
632;;;
633;;;
634;;;
635;;;
636;;;
637;;;
638;;;
639;;;
640;;;
641;;;
642;;;
643;;;
644;;;
645;;;
646;;;
647;;;
648;;;
649;;;
650;;;
651;;;
652;;;
653;;;
654;;;
655;;;
656;;;
657;;;
658;;;
659;;;
660;;;
661;;;
662;;;
663;;;
664;;;
665;;;
666;;;
667;;;
668;;;
669;;;
670;;;
671;;;
672;;;
673;;;
674;;;
675;;;
676;;;
677;;;
678;;;
679;;;
680;;;
681;;;
682;;;
683;;;
684;;;
685;;;
686;;;
687;;;
688;;;
689;;;
690;;;
691;;;
692;;;
693;;;
694;;;
695;;;
696;;;
697;;;
698;;;
699;;;
700;;;
701;;;
702;;;
703;;;
704;;;
705;;;
706;;;
707;;;
708;;;
709;;;
710;;;
711;;;
712;;;
713;;;
714;;;
715;;;
716;;;
717;;;
718;;;
719;;;
720;;;
721;;;
722;;;
723;;;
724;;;
725;;;
726;;;
727;;;
728;;;
729;;;
730;;;
731;;;
732;;;
733;;;
734;;;
735;;;
736;;;
737;;;
738;;;
739;;;
740;;;
741;;;
742;;;
743;;;
744;;;
745;;;
746;;;
747;;;
748;;;
749;;;
750;;;
751;;;
752;;;
753;;;
754;;;
755;;;
756;;;
757;;;
758;;;
759;;;
760;;;
761;;;
762;;;
763;;;
764;;;
765;;;
766;;;
767;;;
768;;;
769;;;
770;;;
771;;;
772;;;
773;;;
774;;;
775;;;
776;;;
777;;;
778;;;
779;;;
780;;;
781;;;
782;;;
783;;;
784;;;
785;;;
786;;;
787;;;
788;;;
789;;;
790;;;
791;;;
792;;;
793;;;
794;;;
795;;;
796;;;
797;;;
798;;;
799;;;
800;;;
801;;;
802;;;
803;;;
804;;;
805;;;
806;;;
807;;;
808;;;
809;;;
810;;;
811;;;
812;;;
813;;;
814;;;
815;;;
816;;;
817;;;
818;;;
819;;;
820;;;
821;;;
822;;;
823;;;
824;;;
825;;;
826;;;
827;;;
828;;;
829;;;
830;;;
831;;;
832;;;
833;;;
834;;;
835;;;
836;;;
837;;;
838;;;
839;;;
840;;;
841;;;
842;;;
843;;;
844;;;
845;;;
846;;;
847;;;
848;;;
849;;;
850;;;
851;;;
852;;;
853;;;
854;;;
855;;;
856;;;
857;;;
858;;;
859;;;
860;;;
861;;;
862;;;
863;;;
864;;;
865;;;
866;;;
867;;;
868;;;
869;;;
870;;;
871;;;
872;;;
873;;;
874;;;
875;;;
876;;;
877;;;
878;;;
879;;;
880;;;
881;;;
882;;;
883;;;
884;;;
885;;;
886;;;
887;;;
888;;;
889;;;
890;;;
891;;;
892;;;
893;;;
894;;;
895;;;
896;;;
897;;;
898;;;
899;;;
900;;;
901;;;
902;;;
903;;;
904;;;
905;;;
906;;;
907;;;
908;;;
909;;;
910;;;
911;;;
912;;;
913;;;
914;;;
915;;;
916;;;
917;;;
918;;;
919;;;
920;;;
921;;;
922;;;
923;;;
924;;;
925;;;
926;;;
927;;;
928;;;
929;;;
930;;;
931;;;
932;;;
933;;;
934;;;
935;;;
936;;;
937;;;
938;;;
939;;;
940;;;
941;;;
942;;;
943;;;
944;;;
945;;;
946;;;
947;;;
948;;;
949;;;
950;;;
951;;;
952;;;
953;;;
954;;;
955;;;
956;;;
957;;;
958;;;
959;;;
960;;;
961;;;
962;;;
963;;;
964;;;
965;;;
966;;;
967;;;
968;;;
969;;;
970;;;
971;;;
972;;;
973;;;
974;;;
975;;;
976;;;
977;;;
978;;;
979;;;
980;;;
981;;;
982;;;
983;;;
984;;;
985;;;
986;;;
987;;;
988;;;
989;;;
990;;;
991;;;
992;;;
993;;;
994;;;
995;;;
996;;;
997;;;
998;;;
999;;;
1000;;;
